{
    "H2O": [
        -14.025792
    ],
    "H2": [
        -5.591651
    ],
    "H+": [
        -2.7958255
    ],
    "O2": [
        -11.94828
    ],
    "HCOOH" :[
        -25.6995
    ],
    "CH3OH" : [
        -21.797
    ]
}
