{
    "blank": [
        0.0,
        0.0,
        0.0
    ],
    "COOH": [
        0.41,
        0.17,
        0.09
    ],
    "CO": [
        0.11,
        0.08,
        0.05
    ],
    "H": [
        0.17,
        0.0,
        0.223
    ],
    "CHO": [
        0.37,
        0.18,
        0.07
    ],
    "HCOH CHOH": [
        0.65,
        0.068,
        0.11
    ],
    "COH": [
        0.341,
        0.11,
        0.068
    ],
    "CH": [
        0.35,
        0.039,
        0.028
    ],
    "CH2": [
        0.59,
        0.075,
        0.049
    ],
    "CH3": [
        0.9,
        0.096,
        0.06
    ],
    "COCO": [
        0.8046196020954759,
        0.0,
        0.0
    ],
    "CO-CO": [
        0.22,
        0.16,
        0.1
    ],
    "COCHO": [
        1.93,
        0.0,
        0.0
    ],
    "CHO-CO CO-CHO": [
        0.48,
        0.26,
        0.12
    ],
    "CHOCHO": [
        0.8088264484976136,
        0.0,
        0.0
    ],
    "CHO-CHO": [
        0.74,
        0.36,
        0.14
    ],
    "COHCOH": [
        0.8046196020954759,
        0.0,
        0.0
    ],
    "HCCH C2H2": [
        0.739601361,
        0.0,
        0.0
    ],
    "C2H3 H2CCH": [
        1.05015198,
        0.0,
        0.0
    ],
    "CCOH  CHOC": [
        0.413546229,
        0.0,
        0.0
    ],
    "CCH  C2H": [
        0.450793577,
        0.0,
        0.0
    ],
    "CC": [
        0.17829403,
        0.0,
        0.0
    ],
    "CH2O": [
        0.76,
        0.19,
        0.091
    ],
    "CH3O": [
        1.108,
        0.179,
        0.093
    ],
    "O": [
        0.072,
        0.038,
        0.025
    ],
    "O-O": [
        0.144,
        0.076,
        0.05
    ],
    "C": [
        0.097,
        0.025,
        0.017
    ],
    "HCOOH": [
        0.82,
        0.085,
        0.049
    ],
    "OHHCOH": [
        1.19,
        0.13,
        0.071
    ],
    "H2COH": [
        0.96542,
        0.19,
        0.091
    ],
    "CH2CH2OH": [
        1.85,
        0.0,
        0.0
    ],
    "CH2CHOH": [
        1.57,
        0.0,
        0.0
    ],
    "CH2CHO": [
        1.26,
        0.0,
        0.0
    ],
    "CH2OHCHO": [
        1.66,
        0.0,
        0.0
    ],
    "CHOHCHO": [
        1.4,
        0.0,
        0.0
    ],
    "OCHO": [
        0.63,
        0.2,
        0.1
    ],
    "OH": [
        0.4,
        0.0,
        0.0
    ],
    "OOH": [
        0.37,
        0.0,
        0.0
    ],
    "O2": [
        0.15,
        0.0,
        0.0
    ],
    "O-OH": [
        0.472,
        0.038,
        0.025
    ],
    "COCOH  COHCO": [
        2.222,
        0.0,
        0.0
    ],
    "COH-CO": [
        0.451,
        0.19,
        0.118
    ],
    "COH-COH": [
        0.682,
        0.22,
        0.136
    ],
    "Cl": [
        0.2,
        0.0,
        0.0
    ],
    "CH2CH": [
        1.88,
        0.0,
        0.0
    ],
    "COCH2O": [
        2.33,
        0.0,
        0.0
    ],
    "COCHOH": [
        2.21,
        0.0,
        0.0
    ],
    "COHCH2O": [
        2.39,
        0.0,
        0.0
    ],
    "COOHCH2": [
        1.61,
        0.0,
        0.0
    ],
    "COOHCHO": [
        1.45,
        0.0,
        0.0
    ],
    "CHOCH2O": [
        1.26,
        0.0,
        0.0
    ],
    "C3H8O3": [
        0.17,
        0.0,
        0.0
    ],
    "C3H6O3": [
        0.14,
        0.0,
        0.0
    ],
    "C3H5O4": [
        0.16,
        0.0,
        0.0
    ],
    "C2H3O3": [
        0.12,
        0.0,
        0.0
    ],
    "CH3OH": [
        1.43,
        0.0,
        0.0
    ],
    "CON2H4": [
        1.58,
        0.0,
        0.0
    ],
    "CONH2": [
        1.18,
        0.0,
        0.0
    ],
    "CH2OH": [
        1.2984,
        0.0,
        0.0
    ],
    "CO2": [
        0.58,
        0.0,
        0.0
    ],
    "Li2S6": [
        0.272,
        0.0,
        0.0
    ],
    "Li2S8": [
        0.323,
        0.0,
        0.0
    ],
    "Li2S4": [
        0.289,
        0.0,
        0.0
    ],
    "Li2S2": [
        0.185,
        0.0,
        0.0
    ],
    "S8": [
        0.239,
        0.0,
        0.0
    ],
    "Li2S": [
        0.064,
        0.0,
        0.0
    ],
    "C6H12O6": [
        5.221,
        0.0,
        0.0
    ],
    "C6H11O6": [
        4.837,
        0.0,
        0.0
    ],
    "C6H5SCH3": [
        3.37,
        0.0,
        0.0
    ],
    "C6H5SOCH3": [
        3.528,
        0.0,
        0.0
    ],
    "C6H5SO2HCH3": [
        3.8839,
        0.0,
        0.0
    ],
    "C6H5SO2CH3": [
        3.5466,
        0.0,
        0.0
    ],
    "Na2S": [
        0.006834,
        0.0,
        0.0
    ],
    "Na2S2": [
        0.00751,
        0.0,
        0.0
    ],
    "Na2S4": [
        0.3173,
        0.0,
        0.0
    ],
    "Na2S6": [
        0.2986,
        0.0,
        0.0
    ],
    "Na2S8": [
        0.441,
        0.0,
        0.0
    ],
    "BH4": [
        0.99,
        0.11,
        0.0
    ],
    "BH3": [
        0.76,
        0.1,
        0.0
    ],
    "BH2": [
        0.5,
        0.11,
        0.0
    ],
    "BH2OH": [
        0.99,
        0.21,
        0.0
    ],
    "BHOH": [
        0.75,
        0.14,
        0.0
    ],
    "BHOHOH": [
        1.21,
        0.26,
        0.0
    ],
    "BOHOH": [
        0.9,
        0.27,
        0.0
    ],
    "BOOH": [
        0.56,
        0.28,
        0.0
    ],
    "BO2": [
        0.27,
        0.25,
        0.0
    ],
    "H2O": [
        0.636,
        0.0,
        0.0
    ],
    "H2O2": [
        0.71,
        0.0,
        0.0
    ],
    "N2H4": [
        1.3974,
        0.0,
        0.0
    ],
    "N2H3": [
        1.1313,
        0.0,
        0.0
    ],
    "N2H2": [
        0.8407,
        0.0,
        0.0
    ],
    "N2H": [
        0.5082,
        0.0,
        0.0
    ],
    "N2": [
        0.2298,
        0.0,
        0.0
    ],
    "C6H5SOCH3-H2O": [
        4.164,
        0.0,
        0.0
    ],
    "C6H5SOCH3-OH": [
        3.928,
        0.0,
        0.0
    ],
    "C6H5SCH3-H2O2": [
        4.08,
        0.0,
        0.0
    ],
    "C6H5SCH3-H2O": [
        4.006,
        0.0,
        0.0
    ],
    "H2O-H2O": [
        1.272,
        0.0,
        0.0
    ],
    "C6H5SO2CH3-H2O": [
        4.1826,
        0.0,
        0.0
    ],
    "H2O-H2O2": [
        1.346,
        0.0,
        0.0
    ],
    "C6H5SO2CH3-H2O2": [
        4.2566,
        0.0,
        0.0
    ],
    "C6H5SCH3-OOH": [
        3.74,
        0.0,
        0.0
    ],
    "C6H5SO2CH3-OH": [
        3.9466,
        0.0,
        0.0
    ],
    "C6H5SO2CH3-OOH": [
        3.9166,
        0.0,
        0.0
    ],
    "C6H5SOCH3-OOH": [
        3.898,
        0.0,
        0.0
    ],
    "OH-OH": [
        0.8,
        0.0,
        0.0
    ],
    "OH-OOH": [
        0.77,
        0.0,
        0.0
    ],
    "C6H5SO2CH3-O": [
        3.6186,
        0.038,
        0.025
    ],
    "C6H5SOCH3-O": [
        3.6,
        0.038,
        0.025
    ],
    "C6H5SOCH3-OH-OH": [
        4.328,
        0.0,
        0.0
    ],
    "C6H5SO2CH3-OH-H": [
        4.1166,
        0.0,
        0.223
    ],
    "C5H9O3": [
        0.0,
        0.0,
        0.0
    ],
    "C5H11O3": [
        0.0,
        0.0,
        0.0
    ],
    "C5H10O3": [
        0.0,
        0.0,
        0.0
    ],
    "C3H8O": [
        0.0,
        0.0,
        0.0
    ],
    "C5H8O2": [
        0.0,
        0.0,
        0.0
    ],
    "C8H14O3": [
        0.0,
        0.0,
        0.0
    ],
    "C8H16O3": [
        0.0,
        0.0,
        0.0
    ],
    "C5H8O3": [
        0.0,
        0.0,
        0.0
    ],
    "C6H6S": [
        2.6895,
        0.0,
        0.0
    ],
    "C12H12S2": [
        0.0,
        0.0,
        0.0
    ],
    "C12H10S2": [
        0.0,
        0.0,
        0.0
    ],
    "C9H11O": [
        0.0,
        0.0,
        0.0
    ],
    "C9H11O-OOH": [
        0.0,
        0.0,
        0.0
    ],